{"cameraMode":{"drawMode":0,"name":"Shaded","section":"Shading Mode"},"sceneLighting":true,"audioPlay":false,"sceneViewState":{"showFog":true,"showMaterialUpdate":false,"showSkybox":true,"showFlares":true,"showImageEffects":true,"showParticleSystems":true},"in2DMode":false,"pivot":{"x":-0.6649113893508911,"y":2.0521745681762697,"z":19.181713104248048},"rotation":{"x":-0.0008865969139151275,"y":0.9633643627166748,"z":-0.26817578077316286,"w":-0.003185437060892582},"size":16.604778289794923,"orthographic":false}