{"cameraMode":{"drawMode":0,"name":"Shaded","section":"Shading Mode"},"sceneLighting":true,"audioPlay":false,"sceneViewState":{"showFog":true,"showMaterialUpdate":false,"showSkybox":true,"showFlares":true,"showImageEffects":true,"showParticleSystems":true},"in2DMode":false,"pivot":{"x":-367.4281311035156,"y":-522.0126342773438,"z":-404.328125},"rotation":{"x":-0.0019802970346063377,"y":-0.9951831102371216,"z":0.09583389759063721,"w":-0.020557912066578866},"size":2700.6513671875,"orthographic":false}