{
  "name": "root",
  "total": 54.6567508,
  "count": 1,
  "self": 14.485886700000002,
  "children": [
    {
      "name": "TrainerController.advance",
      "total": 40.170864099999996,
      "count": 16,
      "self": 0.007358099999983381,
      "children": [
        {
          "name": "env_step",
          "total": 40.10877370000001,
          "count": 16,
          "self": 40.087607800000015,
          "children": [
            {
              "name": "SubprocessEnvManager._take_step",
              "total": 0.02104949999999306,
              "count": 16,
              "self": 0.02104949999999306
            },
            {
              "name": "workers",
              "total": 0.00011640000000312511,
              "count": 15,
              "self": 0.0,
              "children": [
                {
                  "name": "worker_root",
                  "total": 44.47034470000001,
                  "count": 15,
                  "is_parallel": true,
                  "self": 12.357650600000007,
                  "children": [
                    {
                      "name": "UnityEnvironment.step",
                      "total": 32.112694100000006,
                      "count": 15,
                      "is_parallel": true,
                      "self": 0.002645100000016498,
                      "children": [
                        {
                          "name": "UnityEnvironment._generate_step_input",
                          "total": 0.000601699999993599,
                          "count": 15,
                          "is_parallel": true,
                          "self": 0.000601699999993599
                        },
                        {
                          "name": "communicator.exchange",
                          "total": 32.1094473,
                          "count": 15,
                          "is_parallel": true,
                          "self": 32.1094473
                        }
                      ]
                    }
                  ]
                }
              ]
            }
          ]
        },
        {
          "name": "update_policy",
          "total": 0.054732300000008394,
          "count": 15,
          "self": 0.054732300000008394
        }
      ]
    }
  ]
}