{
  "name": "root",
  "total": 445.3959529,
  "count": 1,
  "self": 7.7470863999996595,
  "children": [
    {
      "name": "TrainerController.advance",
      "total": 437.64886650000034,
      "count": 740,
      "self": 0.27343450000233815,
      "children": [
        {
          "name": "env_step",
          "total": 430.7500371999993,
          "count": 740,
          "self": 430.51745519999804,
          "children": [
            {
              "name": "SubprocessEnvManager._take_step",
              "total": 0.22668460000069235,
              "count": 740,
              "self": 0.22668460000069235
            },
            {
              "name": "workers",
              "total": 0.005897400000609565,
              "count": 739,
              "self": 0.0,
              "children": [
                {
                  "name": "worker_root",
                  "total": 441.16692489999963,
                  "count": 739,
                  "is_parallel": true,
                  "self": 12.926125899999988,
                  "children": [
                    {
                      "name": "UnityEnvironment.step",
                      "total": 428.24079899999964,
                      "count": 739,
                      "is_parallel": true,
                      "self": 0.12956400000069834,
                      "children": [
                        {
                          "name": "UnityEnvironment._generate_step_input",
                          "total": 0.027000300000002753,
                          "count": 739,
                          "is_parallel": true,
                          "self": 0.027000300000002753
                        },
                        {
                          "name": "communicator.exchange",
                          "total": 428.08423469999894,
                          "count": 739,
                          "is_parallel": true,
                          "self": 428.08423469999894
                        }
                      ]
                    }
                  ]
                }
              ]
            }
          ]
        },
        {
          "name": "update_policy",
          "total": 6.625394799998666,
          "count": 739,
          "self": 6.625394799998666
        }
      ]
    }
  ]
}