{
  "name": "root",
  "gauges": [
    {
      "name": "Ball Brain.mean_reward",
      "value": -0.46883338936216506,
      "min": -1.3296250623388914,
      "max": 0.2469090374440632,
      "count": 50
    }
  ],
  "total": 161.4176227,
  "count": 1,
  "self": 9.996754500003107,
  "children": [
    {
      "name": "TrainerController.advance",
      "total": 151.4208681999969,
      "count": 50001,
      "self": 26.10174469999461,
      "children": [
        {
          "name": "env_step",
          "total": 108.54921780000234,
          "count": 50001,
          "self": 88.25855120000202,
          "children": [
            {
              "name": "SubprocessEnvManager._take_step",
              "total": 19.97093529999918,
              "count": 50001,
              "self": 0.5299576999962703,
              "children": [
                {
                  "name": "PPOPolicy.evaluate",
                  "total": 19.44097760000291,
                  "count": 50001,
                  "self": 19.44097760000291
                }
              ]
            },
            {
              "name": "workers",
              "total": 0.31973130000114036,
              "count": 50001,
              "self": 0.0,
              "children": [
                {
                  "name": "worker_root",
                  "total": 157.92064659999883,
                  "count": 50001,
                  "is_parallel": true,
                  "self": 90.2742136999999,
                  "children": [
                    {
                      "name": "UnityEnvironment.step",
                      "total": 67.64643289999893,
                      "count": 50001,
                      "is_parallel": true,
                      "self": 12.333719000001764,
                      "children": [
                        {
                          "name": "UnityEnvironment._generate_step_input",
                          "total": 2.8946275999994056,
                          "count": 50001,
                          "is_parallel": true,
                          "self": 2.8946275999994056
                        },
                        {
                          "name": "communicator.exchange",
                          "total": 52.41808629999776,
                          "count": 50001,
                          "is_parallel": true,
                          "self": 52.41808629999776
                        }
                      ]
                    }
                  ]
                }
              ]
            }
          ]
        },
        {
          "name": "update_policy",
          "total": 16.769905699999946,
          "count": 29,
          "self": 12.430264299999783,
          "children": [
            {
              "name": "PPOPolicy.update",
              "total": 4.339641400000163,
              "count": 870,
              "self": 4.339641400000163
            }
          ]
        }
      ]
    }
  ]
}