{
  "name": "root",
  "total": 28.4458466,
  "count": 1,
  "self": 28.4458466
}