{
  "name": "root",
  "total": 80.026786,
  "count": 1,
  "self": 9.601862499999996,
  "children": [
    {
      "name": "TrainerController.advance",
      "total": 70.4249235,
      "count": 573,
      "self": 0.19742589999991367,
      "children": [
        {
          "name": "env_step",
          "total": 70.22749760000009,
          "count": 573,
          "self": 70.0358112,
          "children": [
            {
              "name": "SubprocessEnvManager._take_step",
              "total": 0.18747869999998557,
              "count": 573,
              "self": 0.18747869999998557
            },
            {
              "name": "workers",
              "total": 0.004207700000113945,
              "count": 572,
              "self": 0.0,
              "children": [
                {
                  "name": "worker_root",
                  "total": 77.6313896000001,
                  "count": 572,
                  "is_parallel": true,
                  "self": 7.958607800000308,
                  "children": [
                    {
                      "name": "UnityEnvironment.step",
                      "total": 69.6727817999998,
                      "count": 572,
                      "is_parallel": true,
                      "self": 0.13735279999984584,
                      "children": [
                        {
                          "name": "UnityEnvironment._generate_step_input",
                          "total": 0.018738999999924566,
                          "count": 572,
                          "is_parallel": true,
                          "self": 0.018738999999924566
                        },
                        {
                          "name": "communicator.exchange",
                          "total": 69.51669000000003,
                          "count": 572,
                          "is_parallel": true,
                          "self": 69.51669000000003
                        }
                      ]
                    }
                  ]
                }
              ]
            }
          ]
        }
      ]
    }
  ]
}