{
  "name": "root",
  "total": 1167.3827377999999,
  "count": 1,
  "self": 7.279041399999642,
  "children": [
    {
      "name": "TrainerController.advance",
      "total": 1160.1036964000002,
      "count": 1365,
      "self": 0.3926916000029905,
      "children": [
        {
          "name": "env_step",
          "total": 1076.5854882999972,
          "count": 1365,
          "self": 1076.1546764000002,
          "children": [
            {
              "name": "SubprocessEnvManager._take_step",
              "total": 0.4205184999982787,
              "count": 1365,
              "self": 0.4205184999982787
            },
            {
              "name": "workers",
              "total": 0.01029339999884371,
              "count": 1364,
              "self": 0.0,
              "children": [
                {
                  "name": "worker_root",
                  "total": 1162.0538404,
                  "count": 1364,
                  "is_parallel": true,
                  "self": 89.61392929999988,
                  "children": [
                    {
                      "name": "UnityEnvironment.step",
                      "total": 1072.4399111,
                      "count": 1364,
                      "is_parallel": true,
                      "self": 0.2697973000035745,
                      "children": [
                        {
                          "name": "UnityEnvironment._generate_step_input",
                          "total": 0.06089679999889164,
                          "count": 1364,
                          "is_parallel": true,
                          "self": 0.06089679999889164
                        },
                        {
                          "name": "communicator.exchange",
                          "total": 1072.1092169999974,
                          "count": 1364,
                          "is_parallel": true,
                          "self": 1072.1092169999974
                        }
                      ]
                    }
                  ]
                }
              ]
            }
          ]
        },
        {
          "name": "update_policy",
          "total": 83.12551649999992,
          "count": 1364,
          "self": 83.12551649999992
        }
      ]
    }
  ]
}