{
  "name": "root",
  "total": 117.78430900000001,
  "count": 1,
  "self": 4.192323200000018,
  "children": [
    {
      "name": "TrainerController.advance",
      "total": 113.59198579999999,
      "count": 1818,
      "self": 0.6245517999997645,
      "children": [
        {
          "name": "env_step",
          "total": 112.96743400000022,
          "count": 1818,
          "self": 112.94420930000044,
          "children": [
            {
              "name": "SubprocessEnvManager._take_step",
              "total": 0.009158399999706024,
              "count": 1818,
              "self": 0.009158399999706024
            },
            {
              "name": "workers",
              "total": 0.014066300000082244,
              "count": 1817,
              "self": 0.0,
              "children": [
                {
                  "name": "worker_root",
                  "total": 115.04979159999982,
                  "count": 1817,
                  "is_parallel": true,
                  "self": 2.8330326999999897,
                  "children": [
                    {
                      "name": "UnityEnvironment.step",
                      "total": 112.21675889999983,
                      "count": 1817,
                      "is_parallel": true,
                      "self": 0.33633619999983466,
                      "children": [
                        {
                          "name": "UnityEnvironment._generate_step_input",
                          "total": 0.01914659999999313,
                          "count": 1817,
                          "is_parallel": true,
                          "self": 0.01914659999999313
                        },
                        {
                          "name": "communicator.exchange",
                          "total": 111.8612761,
                          "count": 1817,
                          "is_parallel": true,
                          "self": 111.8612761
                        }
                      ]
                    }
                  ]
                }
              ]
            }
          ]
        }
      ]
    }
  ]
}