{
  "name": "root",
  "total": 36.546034999999996,
  "count": 1,
  "self": 9.7294755,
  "children": [
    {
      "name": "TrainerController.advance",
      "total": 26.816559499999997,
      "count": 6,
      "self": 0.006908599999995602,
      "children": [
        {
          "name": "env_step",
          "total": 26.8096509,
          "count": 6,
          "self": 26.809576399999997,
          "children": [
            {
              "name": "SubprocessEnvManager._take_step",
              "total": 3.600000000325565e-05,
              "count": 6,
              "self": 3.600000000325565e-05
            },
            {
              "name": "workers",
              "total": 3.8499999998720114e-05,
              "count": 5,
              "self": 0.0,
              "children": [
                {
                  "name": "worker_root",
                  "total": 30.8766106,
                  "count": 5,
                  "is_parallel": true,
                  "self": 7.018735900000003,
                  "children": [
                    {
                      "name": "UnityEnvironment.step",
                      "total": 23.857874699999996,
                      "count": 5,
                      "is_parallel": true,
                      "self": 0.0009902999999908957,
                      "children": [
                        {
                          "name": "UnityEnvironment._generate_step_input",
                          "total": 7.880000000337617e-05,
                          "count": 5,
                          "is_parallel": true,
                          "self": 7.880000000337617e-05
                        },
                        {
                          "name": "communicator.exchange",
                          "total": 23.8568056,
                          "count": 5,
                          "is_parallel": true,
                          "self": 23.8568056
                        }
                      ]
                    }
                  ]
                }
              ]
            }
          ]
        }
      ]
    }
  ]
}